threshold,precision,recall,f1,auprc,true_negatives,false_positives,false_negatives,true_positives
0.01,0.25073746312684364,0.9042553191489362,0.39260969976905313,0.8838308891686253,56397,254,9,85
0.02,0.3684210526315789,0.8936170212765957,0.5217391304347826,0.8838308891686253,56507,144,10,84
0.03,0.46153846153846156,0.8936170212765957,0.6086956521739131,0.8838308891686253,56553,98,10,84
0.04,0.5384615384615384,0.8936170212765957,0.672,0.8838308891686253,56579,72,10,84
0.05,0.5763888888888888,0.8829787234042553,0.6974789915966386,0.8838308891686253,56590,61,11,83
0.060000000000000005,0.6287878787878788,0.8829787234042553,0.7345132743362832,0.8838308891686253,56602,49,11,83
0.06999999999999999,0.664,0.8829787234042553,0.7579908675799086,0.8838308891686253,56609,42,11,83
0.08,0.7256637168141593,0.8723404255319149,0.7922705314009661,0.8838308891686253,56620,31,12,82
0.09,0.7592592592592593,0.8723404255319149,0.8118811881188119,0.8838308891686253,56625,26,12,82
0.09999999999999999,0.7663551401869159,0.8723404255319149,0.8159203980099502,0.8838308891686253,56626,25,12,82
0.11,0.7788461538461539,0.8617021276595744,0.8181818181818182,0.8838308891686253,56628,23,13,81
0.12,0.7864077669902912,0.8617021276595744,0.8223350253807107,0.8838308891686253,56629,22,13,81
0.13,0.801980198019802,0.8617021276595744,0.8307692307692308,0.8838308891686253,56631,20,13,81
0.14,0.801980198019802,0.8617021276595744,0.8307692307692308,0.8838308891686253,56631,20,13,81
0.15000000000000002,0.8181818181818182,0.8617021276595744,0.8393782383419689,0.8838308891686253,56633,18,13,81
0.16,0.826530612244898,0.8617021276595744,0.84375,0.8838308891686253,56634,17,13,81
0.17,0.826530612244898,0.8617021276595744,0.84375,0.8838308891686253,56634,17,13,81
0.18000000000000002,0.826530612244898,0.8617021276595744,0.84375,0.8838308891686253,56634,17,13,81
0.19,0.826530612244898,0.8617021276595744,0.84375,0.8838308891686253,56634,17,13,81
0.2,0.826530612244898,0.8617021276595744,0.84375,0.8838308891686253,56634,17,13,81
0.21000000000000002,0.8350515463917526,0.8617021276595744,0.8481675392670157,0.8838308891686253,56635,16,13,81
0.22,0.8350515463917526,0.8617021276595744,0.8481675392670157,0.8838308891686253,56635,16,13,81
0.23,0.8350515463917526,0.8617021276595744,0.8481675392670157,0.8838308891686253,56635,16,13,81
0.24000000000000002,0.84375,0.8617021276595744,0.8526315789473684,0.8838308891686253,56636,15,13,81
0.25,0.8526315789473684,0.8617021276595744,0.8571428571428571,0.8838308891686253,56637,14,13,81
0.26,0.8709677419354839,0.8617021276595744,0.8663101604278075,0.8838308891686253,56639,12,13,81
0.27,0.8709677419354839,0.8617021276595744,0.8663101604278075,0.8838308891686253,56639,12,13,81
0.28,0.8709677419354839,0.8617021276595744,0.8663101604278075,0.8838308891686253,56639,12,13,81
0.29000000000000004,0.8709677419354839,0.8617021276595744,0.8663101604278075,0.8838308891686253,56639,12,13,81
0.3,0.8804347826086957,0.8617021276595744,0.8709677419354839,0.8838308891686253,56640,11,13,81
0.31,0.8804347826086957,0.8617021276595744,0.8709677419354839,0.8838308891686253,56640,11,13,81
0.32,0.8901098901098901,0.8617021276595744,0.8756756756756757,0.8838308891686253,56641,10,13,81
0.33,0.8901098901098901,0.8617021276595744,0.8756756756756757,0.8838308891686253,56641,10,13,81
0.34,0.8901098901098901,0.8617021276595744,0.8756756756756757,0.8838308891686253,56641,10,13,81
0.35000000000000003,0.8901098901098901,0.8617021276595744,0.8756756756756757,0.8838308891686253,56641,10,13,81
0.36000000000000004,0.8901098901098901,0.8617021276595744,0.8756756756756757,0.8838308891686253,56641,10,13,81
0.37,0.8901098901098901,0.8617021276595744,0.8756756756756757,0.8838308891686253,56641,10,13,81
0.38,0.8901098901098901,0.8617021276595744,0.8756756756756757,0.8838308891686253,56641,10,13,81
0.39,0.8901098901098901,0.8617021276595744,0.8756756756756757,0.8838308891686253,56641,10,13,81
0.4,0.8901098901098901,0.8617021276595744,0.8756756756756757,0.8838308891686253,56641,10,13,81
0.41000000000000003,0.8901098901098901,0.8617021276595744,0.8756756756756757,0.8838308891686253,56641,10,13,81
0.42000000000000004,0.8901098901098901,0.8617021276595744,0.8756756756756757,0.8838308891686253,56641,10,13,81
0.43,0.9,0.8617021276595744,0.8804347826086957,0.8838308891686253,56642,9,13,81
0.44,0.9,0.8617021276595744,0.8804347826086957,0.8838308891686253,56642,9,13,81
0.45,0.9,0.8617021276595744,0.8804347826086957,0.8838308891686253,56642,9,13,81
0.46,0.9,0.8617021276595744,0.8804347826086957,0.8838308891686253,56642,9,13,81
0.47000000000000003,0.9,0.8617021276595744,0.8804347826086957,0.8838308891686253,56642,9,13,81
0.48000000000000004,0.9,0.8617021276595744,0.8804347826086957,0.8838308891686253,56642,9,13,81
0.49,0.9,0.8617021276595744,0.8804347826086957,0.8838308891686253,56642,9,13,81
0.5,0.9,0.8617021276595744,0.8804347826086957,0.8838308891686253,56642,9,13,81
0.51,0.9,0.8617021276595744,0.8804347826086957,0.8838308891686253,56642,9,13,81
0.52,0.9,0.8617021276595744,0.8804347826086957,0.8838308891686253,56642,9,13,81
0.53,0.9,0.8617021276595744,0.8804347826086957,0.8838308891686253,56642,9,13,81
0.54,0.9,0.8617021276595744,0.8804347826086957,0.8838308891686253,56642,9,13,81
0.55,0.9,0.8617021276595744,0.8804347826086957,0.8838308891686253,56642,9,13,81
0.56,0.9,0.8617021276595744,0.8804347826086957,0.8838308891686253,56642,9,13,81
0.5700000000000001,0.9,0.8617021276595744,0.8804347826086957,0.8838308891686253,56642,9,13,81
0.5800000000000001,0.9,0.8617021276595744,0.8804347826086957,0.8838308891686253,56642,9,13,81
0.59,0.898876404494382,0.851063829787234,0.8743169398907104,0.8838308891686253,56642,9,14,80
0.6,0.898876404494382,0.851063829787234,0.8743169398907104,0.8838308891686253,56642,9,14,80
0.61,0.898876404494382,0.851063829787234,0.8743169398907104,0.8838308891686253,56642,9,14,80
0.62,0.898876404494382,0.851063829787234,0.8743169398907104,0.8838308891686253,56642,9,14,80
0.63,0.898876404494382,0.851063829787234,0.8743169398907104,0.8838308891686253,56642,9,14,80
0.64,0.8977272727272727,0.8404255319148937,0.8681318681318682,0.8838308891686253,56642,9,15,79
0.65,0.8977272727272727,0.8404255319148937,0.8681318681318682,0.8838308891686253,56642,9,15,79
0.66,0.8977272727272727,0.8404255319148937,0.8681318681318682,0.8838308891686253,56642,9,15,79
0.67,0.9080459770114943,0.8404255319148937,0.8729281767955801,0.8838308891686253,56643,8,15,79
0.68,0.9080459770114943,0.8404255319148937,0.8729281767955801,0.8838308891686253,56643,8,15,79
0.6900000000000001,0.9080459770114943,0.8404255319148937,0.8729281767955801,0.8838308891686253,56643,8,15,79
0.7000000000000001,0.9080459770114943,0.8404255319148937,0.8729281767955801,0.8838308891686253,56643,8,15,79
0.7100000000000001,0.9080459770114943,0.8404255319148937,0.8729281767955801,0.8838308891686253,56643,8,15,79
0.72,0.9080459770114943,0.8404255319148937,0.8729281767955801,0.8838308891686253,56643,8,15,79
0.73,0.9080459770114943,0.8404255319148937,0.8729281767955801,0.8838308891686253,56643,8,15,79
0.74,0.9080459770114943,0.8404255319148937,0.8729281767955801,0.8838308891686253,56643,8,15,79
0.75,0.9080459770114943,0.8404255319148937,0.8729281767955801,0.8838308891686253,56643,8,15,79
0.76,0.9080459770114943,0.8404255319148937,0.8729281767955801,0.8838308891686253,56643,8,15,79
0.77,0.9080459770114943,0.8404255319148937,0.8729281767955801,0.8838308891686253,56643,8,15,79
0.78,0.9080459770114943,0.8404255319148937,0.8729281767955801,0.8838308891686253,56643,8,15,79
0.79,0.9080459770114943,0.8404255319148937,0.8729281767955801,0.8838308891686253,56643,8,15,79
0.8,0.9080459770114943,0.8404255319148937,0.8729281767955801,0.8838308891686253,56643,8,15,79
0.81,0.9080459770114943,0.8404255319148937,0.8729281767955801,0.8838308891686253,56643,8,15,79
0.8200000000000001,0.9186046511627907,0.8404255319148937,0.8777777777777778,0.8838308891686253,56644,7,15,79
0.8300000000000001,0.9186046511627907,0.8404255319148937,0.8777777777777778,0.8838308891686253,56644,7,15,79
0.8400000000000001,0.9176470588235294,0.8297872340425532,0.8715083798882681,0.8838308891686253,56644,7,16,78
0.85,0.9176470588235294,0.8297872340425532,0.8715083798882681,0.8838308891686253,56644,7,16,78
0.86,0.9176470588235294,0.8297872340425532,0.8715083798882681,0.8838308891686253,56644,7,16,78
0.87,0.9285714285714286,0.8297872340425532,0.8764044943820225,0.8838308891686253,56645,6,16,78
0.88,0.9285714285714286,0.8297872340425532,0.8764044943820225,0.8838308891686253,56645,6,16,78
0.89,0.9285714285714286,0.8297872340425532,0.8764044943820225,0.8838308891686253,56645,6,16,78
0.9,0.9285714285714286,0.8297872340425532,0.8764044943820225,0.8838308891686253,56645,6,16,78
0.91,0.9285714285714286,0.8297872340425532,0.8764044943820225,0.8838308891686253,56645,6,16,78
0.92,0.9397590361445783,0.8297872340425532,0.8813559322033898,0.8838308891686253,56646,5,16,78
0.93,0.9397590361445783,0.8297872340425532,0.8813559322033898,0.8838308891686253,56646,5,16,78
0.9400000000000001,0.9397590361445783,0.8297872340425532,0.8813559322033898,0.8838308891686253,56646,5,16,78
0.9500000000000001,0.9629629629629629,0.8297872340425532,0.8914285714285715,0.8838308891686253,56648,3,16,78
0.9600000000000001,0.9746835443037974,0.8191489361702128,0.8901734104046243,0.8838308891686253,56649,2,17,77
0.97,0.9743589743589743,0.8085106382978723,0.8837209302325582,0.8838308891686253,56649,2,18,76
0.98,0.9736842105263158,0.7872340425531915,0.8705882352941177,0.8838308891686253,56649,2,20,74
0.99,0.9736842105263158,0.7872340425531915,0.8705882352941177,0.8838308891686253,56649,2,20,74
